Longitude,Latitude,n,Total Wet Mass (mg/m3), COPEPOD-2012 file identifier, http://www.st.nmfs.noaa.gov/plankton/biomass/,
      0.875,    -5.125,         1,                120.5036163330, COPEPOD-2012  wetmass  (m11)            ,
      0.875,    -3.625,         1,                127.0866699219, COPEPOD-2012  wetmass  (m11)            ,
      0.875,    -2.625,         1,                 66.6960372925, COPEPOD-2012  wetmass  (m11)            ,
      0.875,     0.125,         1,                 80.5007629395, COPEPOD-2012  wetmass  (m11)            ,
     19.125,    34.625,         7,                 20.5433807373, COPEPOD-2012  wetmass  (m11)            ,
     24.125,    36.875,         6,                 10.8202829361, COPEPOD-2012  wetmass  (m11)            ,
     27.375,    35.875,         7,                 25.6393222809, COPEPOD-2012  wetmass  (m11)            ,
     55.875,    -5.125,         3,                 47.5524444580, COPEPOD-2012  wetmass  (m11)            ,
     55.875,    -4.875,         2,                 38.9877777100, COPEPOD-2012  wetmass  (m11)            ,
     55.875,    -4.125,         1,                122.9136428833, COPEPOD-2012  wetmass  (m11)            ,
     55.875,    -3.625,         1,                 42.5794448853, COPEPOD-2012  wetmass  (m11)            ,
     56.125,    -5.125,         3,                 39.2058601379, COPEPOD-2012  wetmass  (m11)            ,
     56.125,    -4.625,         1,                 39.6551856995, COPEPOD-2012  wetmass  (m11)            ,
     56.125,    -4.375,         1,                 75.6136169434, COPEPOD-2012  wetmass  (m11)            ,
     56.125,    -4.125,         3,                 55.1586494446, COPEPOD-2012  wetmass  (m11)            ,
     56.125,    -3.875,         3,                 32.4559478760, COPEPOD-2012  wetmass  (m11)            ,
     56.125,    -3.625,         1,                 26.0375404358, COPEPOD-2012  wetmass  (m11)            ,
     56.375,    -5.125,         1,                 16.2143669128, COPEPOD-2012  wetmass  (m11)            ,
     56.375,    -4.875,         2,                 21.8885612488, COPEPOD-2012  wetmass  (m11)            ,
     56.375,    -4.625,         2,                 35.8826675415, COPEPOD-2012  wetmass  (m11)            ,
     56.375,    -4.375,         2,                 14.0546827316, COPEPOD-2012  wetmass  (m11)            ,
     56.375,    -4.125,         2,                 24.5406875610, COPEPOD-2012  wetmass  (m11)            ,
     56.375,     8.375,         4,                294.5594482422, COPEPOD-2012  wetmass  (m11)            ,
     56.625,    -5.625,         1,                 20.8017539978, COPEPOD-2012  wetmass  (m11)            ,
     56.625,    -5.125,         1,                 11.6654100418, COPEPOD-2012  wetmass  (m11)            ,
     56.625,    -4.625,         1,                 22.6568775177, COPEPOD-2012  wetmass  (m11)            ,
     56.875,    -5.125,         1,                 14.3714313507, COPEPOD-2012  wetmass  (m11)            ,
     57.125,     9.625,         5,                243.3383026123, COPEPOD-2012  wetmass  (m11)            ,
     57.625,    11.125,         4,               1063.0146484375, COPEPOD-2012  wetmass  (m11)            ,
     58.125,    13.375,         5,                663.8413085938, COPEPOD-2012  wetmass  (m11)            ,
     58.375,    15.375,         5,                663.9013061523, COPEPOD-2012  wetmass  (m11)            ,
     59.125,    17.375,         5,                286.3844299316, COPEPOD-2012  wetmass  (m11)            ,
     59.625,    21.125,         5,                387.1558227539, COPEPOD-2012  wetmass  (m11)            ,
     59.875,    22.375,         3,                536.0909423828, COPEPOD-2012  wetmass  (m11)            ,
     60.625,    23.375,        15,                460.5548400879, COPEPOD-2012  wetmass  (m11)            ,
     61.375,    24.125,         5,                117.1064682007, COPEPOD-2012  wetmass  (m11)            ,
     61.875,     1.375,         5,                560.7105712891, COPEPOD-2012  wetmass  (m11)            ,
     61.875,     6.875,         5,                110.6462249756, COPEPOD-2012  wetmass  (m11)            ,
     61.875,     8.875,        10,                521.0670166016, COPEPOD-2012  wetmass  (m11)            ,
     61.875,    10.375,         5,                562.3529052734, COPEPOD-2012  wetmass  (m11)            ,
     61.875,    11.875,         4,                344.4547119141, COPEPOD-2012  wetmass  (m11)            ,
     61.875,    14.875,         1,               1547.3907470703, COPEPOD-2012  wetmass  (m11)            ,
     61.875,    18.625,         5,                284.7992858887, COPEPOD-2012  wetmass  (m11)            ,
     61.875,    20.875,         4,               1408.0078125000, COPEPOD-2012  wetmass  (m11)            ,
     61.875,    24.875,         3,                247.9993133545, COPEPOD-2012  wetmass  (m11)            ,
     62.125,     0.125,         4,                 65.6261062622, COPEPOD-2012  wetmass  (m11)            ,
     62.125,     3.375,         3,                277.1162719727, COPEPOD-2012  wetmass  (m11)            ,
     62.125,     5.375,         4,                 33.5445327759, COPEPOD-2012  wetmass  (m11)            ,
     62.125,    22.875,         5,                208.5792236328, COPEPOD-2012  wetmass  (m11)            ,
     62.375,    -1.125,         5,                503.8333129883, COPEPOD-2012  wetmass  (m11)            ,
     64.375,    -0.875,         5,                 86.3773727417, COPEPOD-2012  wetmass  (m11)            ,
     65.875,    -0.625,         4,                116.5134658813, COPEPOD-2012  wetmass  (m11)            ,
     65.875,     0.125,         4,                527.5261840820, COPEPOD-2012  wetmass  (m11)            ,
     65.875,     5.875,         5,                263.2313537598, COPEPOD-2012  wetmass  (m11)            ,
     65.875,     6.875,         5,                194.7711486816, COPEPOD-2012  wetmass  (m11)            ,
     65.875,     9.125,         3,               1213.3326416016, COPEPOD-2012  wetmass  (m11)            ,
     65.875,    11.125,         3,                146.6581878662, COPEPOD-2012  wetmass  (m11)            ,
     65.875,    13.125,         4,                235.8412475586, COPEPOD-2012  wetmass  (m11)            ,
     65.875,    15.125,         4,                688.5327758789, COPEPOD-2012  wetmass  (m11)            ,
     65.875,    17.125,         5,                369.6743774414, COPEPOD-2012  wetmass  (m11)            ,
     65.875,    19.125,         5,                125.0882797241, COPEPOD-2012  wetmass  (m11)            ,
     65.875,    21.125,         5,                142.3423614502, COPEPOD-2012  wetmass  (m11)            ,
     65.875,    23.125,         4,                271.3262939453, COPEPOD-2012  wetmass  (m11)            ,
     66.125,     1.375,         4,                779.3845825195, COPEPOD-2012  wetmass  (m11)            ,
     66.125,     2.875,         4,                817.9188842773, COPEPOD-2012  wetmass  (m11)            ,
     66.125,     4.875,         4,                883.0037231445, COPEPOD-2012  wetmass  (m11)            ,
     66.625,    23.125,         3,                141.7795562744, COPEPOD-2012  wetmass  (m11)            ,
     68.875,    20.625,         3,                246.2220916748, COPEPOD-2012  wetmass  (m11)            ,
     70.125,    21.875,         1,               1152.1262207031, COPEPOD-2012  wetmass  (m11)            ,
     99.875,   -31.875,         1,                 15.0003023148, COPEPOD-2012  wetmass  (m11)            ,
     99.875,   -25.875,         1,                 10.0000000000, COPEPOD-2012  wetmass  (m11)            ,
     99.875,    -5.125,         6,                 16.9385356903, COPEPOD-2012  wetmass  (m11)            ,
    100.125,   -29.375,         1,                 41.0015258789, COPEPOD-2012  wetmass  (m11)            ,
    100.125,   -19.875,         1,                  8.9991197586, COPEPOD-2012  wetmass  (m11)            ,
    100.125,   -16.125,         5,                 54.9088668823, COPEPOD-2012  wetmass  (m11)            ,
    100.125,   -14.125,         6,                 30.6284732819, COPEPOD-2012  wetmass  (m11)            ,
    100.125,   -11.875,         5,                 67.5632171631, COPEPOD-2012  wetmass  (m11)            ,
    100.125,   -10.125,         6,                 62.8078575134, COPEPOD-2012  wetmass  (m11)            ,
    100.125,    -8.125,         6,                 36.4941520691, COPEPOD-2012  wetmass  (m11)            ,
    100.125,    -6.625,         5,                 20.4572048187, COPEPOD-2012  wetmass  (m11)            ,
    101.375,    -6.375,         1,                 16.9980831146, COPEPOD-2012  wetmass  (m11)            ,
    102.125,   -22.125,         1,                 28.0027027130, COPEPOD-2012  wetmass  (m11)            ,
    102.375,   -31.875,         1,                 15.0003023148, COPEPOD-2012  wetmass  (m11)            ,
    102.375,   -15.875,         5,                 49.3223114014, COPEPOD-2012  wetmass  (m11)            ,
    104.875,   -32.125,         1,                 15.0003023148, COPEPOD-2012  wetmass  (m11)            ,
    104.875,   -25.875,         1,                 13.9990978241, COPEPOD-2012  wetmass  (m11)            ,
    104.875,   -18.125,         6,                 27.6553134918, COPEPOD-2012  wetmass  (m11)            ,
    104.875,   -15.625,         1,                290.0013122559, COPEPOD-2012  wetmass  (m11)            ,
    105.125,   -22.125,         6,                 42.2071189880, COPEPOD-2012  wetmass  (m11)            ,
    105.125,   -20.125,         6,                 18.7785530090, COPEPOD-2012  wetmass  (m11)            ,
    105.375,    -9.125,         6,                213.6226196289, COPEPOD-2012  wetmass  (m11)            ,
    105.375,    -7.625,         6,                181.7809448242, COPEPOD-2012  wetmass  (m11)            ,
    105.625,   -12.125,         1,                134.9895172119, COPEPOD-2012  wetmass  (m11)            ,
    105.625,   -10.625,         6,                 38.2499389648, COPEPOD-2012  wetmass  (m11)            ,
    105.625,   -10.375,         4,                 24.4995670319, COPEPOD-2012  wetmass  (m11)            ,
    106.625,   -22.625,         6,                 31.7013778687, COPEPOD-2012  wetmass  (m11)            ,
    107.375,   -31.875,         1,                 31.0027351379, COPEPOD-2012  wetmass  (m11)            ,
    107.375,   -12.125,         6,                204.5233306885, COPEPOD-2012  wetmass  (m11)            ,
    107.625,   -22.125,         1,                 12.9987010956, COPEPOD-2012  wetmass  (m11)            ,
    107.875,   -22.875,         5,                 28.3066520691, COPEPOD-2012  wetmass  (m11)            ,
    107.875,   -10.125,         6,                 47.2001686096, COPEPOD-2012  wetmass  (m11)            ,
    108.375,    -8.875,         6,                 42.6097984314, COPEPOD-2012  wetmass  (m11)            ,
    108.625,    -7.875,         4,                742.8137207031, COPEPOD-2012  wetmass  (m11)            ,
    109.375,   -23.375,         6,                 47.8553314209, COPEPOD-2012  wetmass  (m11)            ,
    109.625,    13.625,         1,                199.9862365723, COPEPOD-2012  wetmass  (m11)            ,
    109.875,   -27.625,         2,                 61.9947891235, COPEPOD-2012  wetmass  (m11)            ,
    109.875,   -26.125,         6,                 37.3466529846, COPEPOD-2012  wetmass  (m11)            ,
    109.875,   -24.625,         2,                 47.5023689270, COPEPOD-2012  wetmass  (m11)            ,
    109.875,   -21.625,         3,                118.9965438843, COPEPOD-2012  wetmass  (m11)            ,
    109.875,   -15.625,         2,                 37.5014877319, COPEPOD-2012  wetmass  (m11)            ,
    109.875,   -14.125,         1,                 31.9963188171, COPEPOD-2012  wetmass  (m11)            ,
    109.875,   -12.625,         3,                 20.0005531311, COPEPOD-2012  wetmass  (m11)            ,
    109.875,   -11.125,         2,                 45.0016708374, COPEPOD-2012  wetmass  (m11)            ,
    110.125,   -23.125,         4,                 91.6886520386, COPEPOD-2012  wetmass  (m11)            ,
    110.125,    -9.625,         6,                 72.6810455322, COPEPOD-2012  wetmass  (m11)            ,
    110.125,    -9.375,         6,                394.9682617188, COPEPOD-2012  wetmass  (m11)            ,
    110.125,    -8.125,         6,                159.4227294922, COPEPOD-2012  wetmass  (m11)            ,
    112.125,    12.875,         4,                 37.0641822815, COPEPOD-2012  wetmass  (m11)            ,
    112.625,   -32.125,         1,                 35.0025787354, COPEPOD-2012  wetmass  (m11)            ,
    124.875,    20.375,         1,                 23.8286800385, COPEPOD-2012  wetmass  (m11)            ,
    124.875,    22.375,         1,                 25.5623073578, COPEPOD-2012  wetmass  (m11)            ,
    124.875,    22.875,         1,                 71.8124923706, COPEPOD-2012  wetmass  (m11)            ,
    124.875,    23.875,         1,                 22.2689628601, COPEPOD-2012  wetmass  (m11)            ,
    124.875,    24.375,         1,                 38.4503250122, COPEPOD-2012  wetmass  (m11)            ,
    124.875,    25.375,         1,                 32.0110588074, COPEPOD-2012  wetmass  (m11)            ,
    124.875,    26.375,         2,                181.4894714355, COPEPOD-2012  wetmass  (m11)            ,
    124.875,    30.375,         2,                151.1361999512, COPEPOD-2012  wetmass  (m11)            ,
    126.375,    27.625,         1,                 84.2170486450, COPEPOD-2012  wetmass  (m11)            ,
    128.875,     4.875,         1,                 75.4223480225, COPEPOD-2012  wetmass  (m11)            ,
    128.875,     8.875,         1,                 19.3018951416, COPEPOD-2012  wetmass  (m11)            ,
    128.875,    10.125,         1,                 11.2564115524, COPEPOD-2012  wetmass  (m11)            ,
    129.125,     4.125,         1,                 36.3078002930, COPEPOD-2012  wetmass  (m11)            ,
    129.125,     6.125,         1,                 19.3018951416, COPEPOD-2012  wetmass  (m11)            ,
    129.125,     6.875,         1,                 24.2047195435, COPEPOD-2012  wetmass  (m11)            ,
    129.125,     7.875,         1,                 19.2885684967, COPEPOD-2012  wetmass  (m11)            ,
    129.375,     4.625,         5,                 28.2931327820, COPEPOD-2012  wetmass  (m11)            ,
    129.875,    23.375,         1,                  7.5805377960, COPEPOD-2012  wetmass  (m11)            ,
    133.375,    39.375,         1,                 19.0020313263, COPEPOD-2012  wetmass  (m11)            ,
    133.875,    38.875,         1,                 67.0038833618, COPEPOD-2012  wetmass  (m11)            ,
    134.125,    38.625,         1,                 24.9976959229, COPEPOD-2012  wetmass  (m11)            ,
    134.375,    38.125,         8,                 44.0017623901, COPEPOD-2012  wetmass  (m11)            ,
    134.375,    38.625,         7,                 59.5720825195, COPEPOD-2012  wetmass  (m11)            ,
    134.375,    39.375,         7,                 46.8569335938, COPEPOD-2012  wetmass  (m11)            ,
    134.375,    39.875,         6,                 52.5010643005, COPEPOD-2012  wetmass  (m11)            ,
    134.625,    37.625,         7,                 41.5698432922, COPEPOD-2012  wetmass  (m11)            ,
    134.625,    37.875,         1,                 98.9919738770, COPEPOD-2012  wetmass  (m11)            ,
    134.625,    39.875,         1,                 67.0038833618, COPEPOD-2012  wetmass  (m11)            ,
    135.125,    37.125,         3,                 30.9979343414, COPEPOD-2012  wetmass  (m11)            ,
    135.125,    37.375,         5,                 38.6007003784, COPEPOD-2012  wetmass  (m11)            ,
    135.375,    36.875,         7,                 46.0000267029, COPEPOD-2012  wetmass  (m11)            ,
    135.625,    36.375,         8,                 40.3760719299, COPEPOD-2012  wetmass  (m11)            ,
    135.875,    36.125,         8,                 41.0005493164, COPEPOD-2012  wetmass  (m11)            ,
    137.875,    28.125,         1,                 64.9830474854, COPEPOD-2012  wetmass  (m11)            ,
    138.125,    19.875,         2,                 27.3452415466, COPEPOD-2012  wetmass  (m11)            ,
    138.125,    20.875,         1,                 22.0394096375, COPEPOD-2012  wetmass  (m11)            ,
    138.125,    21.875,         3,                 30.7904796600, COPEPOD-2012  wetmass  (m11)            ,
    138.125,    22.875,         1,                 21.4289054871, COPEPOD-2012  wetmass  (m11)            ,
    138.125,    23.875,         2,                 14.7026281357, COPEPOD-2012  wetmass  (m11)            ,
    138.125,    24.875,         1,                 39.8473968506, COPEPOD-2012  wetmass  (m11)            ,
    138.125,    25.875,         3,                 22.5228042603, COPEPOD-2012  wetmass  (m11)            ,
    138.125,    26.875,         1,                 35.1560440063, COPEPOD-2012  wetmass  (m11)            ,
    138.125,    27.875,         2,                 31.6618385315, COPEPOD-2012  wetmass  (m11)            ,
    138.125,    28.875,         1,                 26.6379032135, COPEPOD-2012  wetmass  (m11)            ,
    138.125,    29.875,         2,                 50.4496803284, COPEPOD-2012  wetmass  (m11)            ,
    138.125,    30.375,         1,                 16.9863491058, COPEPOD-2012  wetmass  (m11)            ,
    138.125,    30.875,         3,                 40.0962944031, COPEPOD-2012  wetmass  (m11)            ,
    138.125,    31.375,         1,                 43.5812797546, COPEPOD-2012  wetmass  (m11)            ,
    138.125,    31.875,         2,                 39.6992187500, COPEPOD-2012  wetmass  (m11)            ,
    138.125,    32.375,         1,                115.6378707886, COPEPOD-2012  wetmass  (m11)            ,
    138.125,    32.875,         2,                 72.0957717896, COPEPOD-2012  wetmass  (m11)            ,
    138.125,    33.375,         1,                 92.9608306885, COPEPOD-2012  wetmass  (m11)            ,
    138.125,    33.875,         2,                 91.2466125488, COPEPOD-2012  wetmass  (m11)            ,
    138.125,    34.375,         4,                138.1507873535, COPEPOD-2012  wetmass  (m11)            ,
    139.375,     3.625,         5,                135.8788452148, COPEPOD-2012  wetmass  (m11)            ,
    139.625,    34.875,         1,                 84.7032241821, COPEPOD-2012  wetmass  (m11)            ,
    139.875,    34.625,         1,                 64.9830474854, COPEPOD-2012  wetmass  (m11)            ,
    140.125,    34.875,         4,                 39.7505340576, COPEPOD-2012  wetmass  (m11)            ,
    140.625,    34.625,         1,                  8.9991197586, COPEPOD-2012  wetmass  (m11)            ,
    140.625,    35.125,         1,                 56.5978584290, COPEPOD-2012  wetmass  (m11)            ,
    140.625,    35.375,         2,                 62.2658538818, COPEPOD-2012  wetmass  (m11)            ,
    140.625,    36.375,         9,                 11.1345777512, COPEPOD-2012  wetmass  (m11)            ,
    140.625,    36.625,         2,                  5.2410135269, COPEPOD-2012  wetmass  (m11)            ,
    140.875,    34.125,         1,                 15.9992647171, COPEPOD-2012  wetmass  (m11)            ,
    140.875,    34.875,         1,                  7.9670953751, COPEPOD-2012  wetmass  (m11)            ,
    140.875,    35.625,         3,                 21.1025447845, COPEPOD-2012  wetmass  (m11)            ,
    140.875,    35.875,         4,                 21.4162445068, COPEPOD-2012  wetmass  (m11)            ,
    140.875,    36.375,        17,                 32.0878906250, COPEPOD-2012  wetmass  (m11)            ,
    140.875,    36.625,        12,                 19.8469638824, COPEPOD-2012  wetmass  (m11)            ,
    140.875,    36.875,         4,                 25.2628593445, COPEPOD-2012  wetmass  (m11)            ,
    140.875,    38.125,         2,                  7.9659981728, COPEPOD-2012  wetmass  (m11)            ,
    141.125,    33.875,         1,                 12.0005187988, COPEPOD-2012  wetmass  (m11)            ,
    141.125,    35.125,         1,                  4.6121139526, COPEPOD-2012  wetmass  (m11)            ,
    141.125,    35.375,         4,                 47.9025268555, COPEPOD-2012  wetmass  (m11)            ,
    141.125,    35.625,         2,                 63.3173027039, COPEPOD-2012  wetmass  (m11)            ,
    141.125,    35.875,         3,                 54.3653526306, COPEPOD-2012  wetmass  (m11)            ,
    141.125,    36.375,         6,                 60.7274131775, COPEPOD-2012  wetmass  (m11)            ,
    141.125,    36.625,        12,                 43.2932090759, COPEPOD-2012  wetmass  (m11)            ,
    141.125,    36.875,        16,                 25.1963710785, COPEPOD-2012  wetmass  (m11)            ,
    141.125,    37.375,         9,                 15.1879777908, COPEPOD-2012  wetmass  (m11)            ,
    141.125,    37.875,        20,                 15.8639326096, COPEPOD-2012  wetmass  (m11)            ,
    141.125,    38.125,         5,                 38.0460243225, COPEPOD-2012  wetmass  (m11)            ,
    141.125,    38.375,         1,                 12.2011289597, COPEPOD-2012  wetmass  (m11)            ,
    141.125,    41.375,         2,                  8.3852119446, COPEPOD-2012  wetmass  (m11)            ,
    141.125,    41.625,         2,                 14.6760711670, COPEPOD-2012  wetmass  (m11)            ,
    141.125,    41.875,         2,                  4.1927599907, COPEPOD-2012  wetmass  (m11)            ,
    141.375,    33.375,         2,                 31.5012779236, COPEPOD-2012  wetmass  (m11)            ,
    141.375,    33.625,         1,                 18.0011405945, COPEPOD-2012  wetmass  (m11)            ,
    141.375,    35.375,         3,                 62.4683799744, COPEPOD-2012  wetmass  (m11)            ,
    141.375,    35.625,         2,                 31.6560134888, COPEPOD-2012  wetmass  (m11)            ,
    141.375,    35.875,         6,                 56.8464508057, COPEPOD-2012  wetmass  (m11)            ,
    141.375,    36.125,         2,                 50.8379592896, COPEPOD-2012  wetmass  (m11)            ,
    141.375,    36.375,         3,                 99.2297973633, COPEPOD-2012  wetmass  (m11)            ,
    141.375,    36.625,         3,                 40.8111839294, COPEPOD-2012  wetmass  (m11)            ,
    141.375,    36.875,        14,                 34.8019180298, COPEPOD-2012  wetmass  (m11)            ,
    141.375,    37.125,         1,                 94.3408889771, COPEPOD-2012  wetmass  (m11)            ,
    141.375,    37.375,        10,                 41.8030319214, COPEPOD-2012  wetmass  (m11)            ,
    141.375,    37.875,        17,                 25.9704952240, COPEPOD-2012  wetmass  (m11)            ,
    141.375,    38.125,         8,                 60.7058601379, COPEPOD-2012  wetmass  (m11)            ,
    141.375,    38.375,         3,                 45.3136177063, COPEPOD-2012  wetmass  (m11)            ,
    141.375,    40.875,         1,                  6.2892665863, COPEPOD-2012  wetmass  (m11)            ,
    141.375,    41.625,         2,                 39.8323707581, COPEPOD-2012  wetmass  (m11)            ,
    141.375,    41.875,         3,                 24.1781311035, COPEPOD-2012  wetmass  (m11)            ,
    141.625,    33.625,         1,                 15.0003023148, COPEPOD-2012  wetmass  (m11)            ,
    141.625,    34.875,         1,                 15.9330883026, COPEPOD-2012  wetmass  (m11)            ,
    141.625,    35.125,         3,                 60.9366035461, COPEPOD-2012  wetmass  (m11)            ,
    141.625,    35.375,         1,                 68.9763259888, COPEPOD-2012  wetmass  (m11)            ,
    141.625,    35.625,         1,                 25.9956054688, COPEPOD-2012  wetmass  (m11)            ,
    141.625,    35.875,         1,                 91.8332748413, COPEPOD-2012  wetmass  (m11)            ,
    141.625,    36.625,         2,                 50.7315444946, COPEPOD-2012  wetmass  (m11)            ,
    141.625,    36.875,         9,                 60.7465286255, COPEPOD-2012  wetmass  (m11)            ,
    141.625,    37.125,         1,                105.2446670532, COPEPOD-2012  wetmass  (m11)            ,
    141.625,    37.375,        10,                 35.7244186401, COPEPOD-2012  wetmass  (m11)            ,
    141.625,    37.875,         6,                 48.2860450745, COPEPOD-2012  wetmass  (m11)            ,
    141.625,    38.125,         6,                 39.8880081177, COPEPOD-2012  wetmass  (m11)            ,
    141.625,    38.375,        12,                 32.7803573608, COPEPOD-2012  wetmass  (m11)            ,
    141.625,    38.625,         4,                  8.7737150192, COPEPOD-2012  wetmass  (m11)            ,
    141.625,    38.875,         2,                  1.5304124355, COPEPOD-2012  wetmass  (m11)            ,
    141.625,    40.625,         5,                 10.7337083817, COPEPOD-2012  wetmass  (m11)            ,
    141.625,    40.875,         5,                 47.2951316833, COPEPOD-2012  wetmass  (m11)            ,
    141.625,    41.125,         1,                  7.1285300255, COPEPOD-2012  wetmass  (m11)            ,
    141.625,    41.375,         7,                 23.0605792999, COPEPOD-2012  wetmass  (m11)            ,
    141.625,    41.875,         1,                 30.1856117249, COPEPOD-2012  wetmass  (m11)            ,
    141.875,    19.875,         1,                 17.9184303284, COPEPOD-2012  wetmass  (m11)            ,
    141.875,    21.875,         1,                 37.0851516724, COPEPOD-2012  wetmass  (m11)            ,
    141.875,    23.875,         1,                 13.7499132156, COPEPOD-2012  wetmass  (m11)            ,
    141.875,    25.125,         1,                 19.5839385986, COPEPOD-2012  wetmass  (m11)            ,
    141.875,    26.125,         1,                 21.2520084381, COPEPOD-2012  wetmass  (m11)            ,
    141.875,    27.125,         1,                 57.5042495728, COPEPOD-2012  wetmass  (m11)            ,
    141.875,    28.125,         1,                 12.9181394577, COPEPOD-2012  wetmass  (m11)            ,
    141.875,    28.875,         1,                 18.7499446869, COPEPOD-2012  wetmass  (m11)            ,
    141.875,    29.875,         1,                 20.4173774719, COPEPOD-2012  wetmass  (m11)            ,
    141.875,    34.875,         3,                 50.4512634277, COPEPOD-2012  wetmass  (m11)            ,
    141.875,    35.375,         2,                 36.8959312439, COPEPOD-2012  wetmass  (m11)            ,
    141.875,    35.625,         1,                 35.6369094849, COPEPOD-2012  wetmass  (m11)            ,
    141.875,    35.875,         2,                 31.4468612671, COPEPOD-2012  wetmass  (m11)            ,
    141.875,    36.375,         1,                 86.7960662842, COPEPOD-2012  wetmass  (m11)            ,
    141.875,    36.625,         2,                 25.4706707001, COPEPOD-2012  wetmass  (m11)            ,
    141.875,    36.875,        10,                 49.5167961121, COPEPOD-2012  wetmass  (m11)            ,
    141.875,    37.125,         4,                 43.5536651611, COPEPOD-2012  wetmass  (m11)            ,
    141.875,    37.375,         7,                 49.9549369812, COPEPOD-2012  wetmass  (m11)            ,
    141.875,    37.625,         1,                 50.3152885437, COPEPOD-2012  wetmass  (m11)            ,
    141.875,    37.875,        19,                 35.6922111511, COPEPOD-2012  wetmass  (m11)            ,
    141.875,    38.125,         5,                 36.0750350952, COPEPOD-2012  wetmass  (m11)            ,
    141.875,    38.375,        11,                 32.6322288513, COPEPOD-2012  wetmass  (m11)            ,
    141.875,    38.625,         4,                 25.6715068817, COPEPOD-2012  wetmass  (m11)            ,
    141.875,    38.875,        15,                 46.7521591187, COPEPOD-2012  wetmass  (m11)            ,
    141.875,    39.125,         3,                 27.8117980957, COPEPOD-2012  wetmass  (m11)            ,
    141.875,    39.875,         2,                 30.2943325043, COPEPOD-2012  wetmass  (m11)            ,
    141.875,    40.125,         2,                  8.1759252548, COPEPOD-2012  wetmass  (m11)            ,
    141.875,    40.375,         5,                 50.1471176147, COPEPOD-2012  wetmass  (m11)            ,
    141.875,    40.625,         4,                 37.3151550293, COPEPOD-2012  wetmass  (m11)            ,
    141.875,    40.875,         3,                 19.2872486115, COPEPOD-2012  wetmass  (m11)            ,
    141.875,    41.125,         3,                 34.3799705505, COPEPOD-2012  wetmass  (m11)            ,
    141.875,    41.375,         4,                 34.2768325806, COPEPOD-2012  wetmass  (m11)            ,
    141.875,    41.875,         3,                 33.1241340637, COPEPOD-2012  wetmass  (m11)            ,
    142.125,    21.125,         1,                 19.5839385986, COPEPOD-2012  wetmass  (m11)            ,
    142.125,    23.125,         1,                 28.3334827423, COPEPOD-2012  wetmass  (m11)            ,
    142.125,    34.875,         1,                 72.9625549316, COPEPOD-2012  wetmass  (m11)            ,
    142.125,    35.125,         1,                 83.8493957520, COPEPOD-2012  wetmass  (m11)            ,
    142.125,    35.875,         4,                 61.6865081787, COPEPOD-2012  wetmass  (m11)            ,
    142.125,    36.125,         1,                  7.1285300255, COPEPOD-2012  wetmass  (m11)            ,
    142.125,    36.625,         1,                 56.5978584290, COPEPOD-2012  wetmass  (m11)            ,
    142.125,    36.875,         2,                 42.3487434387, COPEPOD-2012  wetmass  (m11)            ,
    142.125,    37.375,         3,                 70.5843429565, COPEPOD-2012  wetmass  (m11)            ,
    142.125,    37.625,         4,                 67.8237075806, COPEPOD-2012  wetmass  (m11)            ,
    142.125,    37.875,         8,                 26.9602127075, COPEPOD-2012  wetmass  (m11)            ,
    142.125,    38.375,         4,                 15.7972764969, COPEPOD-2012  wetmass  (m11)            ,
    142.125,    38.875,         3,                 49.8950691223, COPEPOD-2012  wetmass  (m11)            ,
    142.125,    39.125,        19,                 42.9869575500, COPEPOD-2012  wetmass  (m11)            ,
    142.125,    39.375,        12,                 60.1030769348, COPEPOD-2012  wetmass  (m11)            ,
    142.125,    39.625,         3,                 34.1036796570, COPEPOD-2012  wetmass  (m11)            ,
    142.125,    39.875,         6,                 42.2787399292, COPEPOD-2012  wetmass  (m11)            ,
    142.125,    40.625,         4,                 28.1953144073, COPEPOD-2012  wetmass  (m11)            ,
    142.125,    41.375,         4,                 32.2653274536, COPEPOD-2012  wetmass  (m11)            ,
    142.375,    34.375,         2,                 28.3010768890, COPEPOD-2012  wetmass  (m11)            ,
    142.375,    34.875,         4,                 34.0688323975, COPEPOD-2012  wetmass  (m11)            ,
    142.375,    35.625,         1,                 69.1831054688, COPEPOD-2012  wetmass  (m11)            ,
    142.375,    35.875,         2,                 20.1254005432, COPEPOD-2012  wetmass  (m11)            ,
    142.375,    36.375,         4,                 50.9428138733, COPEPOD-2012  wetmass  (m11)            ,
    142.375,    36.625,         2,                 28.9310455322, COPEPOD-2012  wetmass  (m11)            ,
    142.375,    36.875,        11,                 51.9542999268, COPEPOD-2012  wetmass  (m11)            ,
    142.375,    37.125,         2,                 48.6333389282, COPEPOD-2012  wetmass  (m11)            ,
    142.375,    37.375,         6,                 86.0935440063, COPEPOD-2012  wetmass  (m11)            ,
    142.375,    37.625,         1,                 29.3494510651, COPEPOD-2012  wetmass  (m11)            ,
    142.375,    37.875,        10,                 33.6846542358, COPEPOD-2012  wetmass  (m11)            ,
    142.375,    38.125,         2,                 36.4810485840, COPEPOD-2012  wetmass  (m11)            ,
    142.375,    38.375,        10,                 47.5770492554, COPEPOD-2012  wetmass  (m11)            ,
    142.375,    38.625,         2,                 22.5368824005, COPEPOD-2012  wetmass  (m11)            ,
    142.375,    38.875,         9,                 46.8198852539, COPEPOD-2012  wetmass  (m11)            ,
    142.375,    39.125,         2,                 49.2687072754, COPEPOD-2012  wetmass  (m11)            ,
    142.375,    39.375,         4,                 30.8180694580, COPEPOD-2012  wetmass  (m11)            ,
    142.375,    39.625,        14,                 45.5989875793, COPEPOD-2012  wetmass  (m11)            ,
    142.375,    39.875,         5,                 74.6762847900, COPEPOD-2012  wetmass  (m11)            ,
    142.375,    40.125,         4,                 22.6422004700, COPEPOD-2012  wetmass  (m11)            ,
    142.375,    40.375,         1,                  4.1927599907, COPEPOD-2012  wetmass  (m11)            ,
    142.375,    40.625,         3,                 25.1573886871, COPEPOD-2012  wetmass  (m11)            ,
    142.375,    40.875,         3,                 29.0711421967, COPEPOD-2012  wetmass  (m11)            ,
    142.375,    41.125,         2,                 11.1114702225, COPEPOD-2012  wetmass  (m11)            ,
    142.375,    41.375,         3,                 25.8544483185, COPEPOD-2012  wetmass  (m11)            ,
    142.375,    41.875,         2,                 31.8677196503, COPEPOD-2012  wetmass  (m11)            ,
    142.625,    34.375,         2,                 38.2607536316, COPEPOD-2012  wetmass  (m11)            ,
    142.625,    35.625,         2,                 32.3899459839, COPEPOD-2012  wetmass  (m11)            ,
    142.625,    35.875,         1,                 16.7725830078, COPEPOD-2012  wetmass  (m11)            ,
    142.625,    36.125,         3,                 12.3700361252, COPEPOD-2012  wetmass  (m11)            ,
    142.625,    36.375,         2,                 25.7867507935, COPEPOD-2012  wetmass  (m11)            ,
    142.625,    36.875,         3,                 24.7378253937, COPEPOD-2012  wetmass  (m11)            ,
    142.625,    37.125,         3,                 44.5841827393, COPEPOD-2012  wetmass  (m11)            ,
    142.625,    37.375,         3,                100.3487930298, COPEPOD-2012  wetmass  (m11)            ,
    142.625,    37.625,         3,                 88.6099624634, COPEPOD-2012  wetmass  (m11)            ,
    142.625,    37.875,         2,                 22.6419620514, COPEPOD-2012  wetmass  (m11)            ,
    142.625,    38.375,         1,                 33.9625282288, COPEPOD-2012  wetmass  (m11)            ,
    142.625,    38.875,         2,                 58.0656356812, COPEPOD-2012  wetmass  (m11)            ,
    142.625,    39.125,        14,                 34.9520683289, COPEPOD-2012  wetmass  (m11)            ,
    142.625,    39.375,         5,                104.3944549561, COPEPOD-2012  wetmass  (m11)            ,
    142.625,    39.625,        15,                 52.8979835510, COPEPOD-2012  wetmass  (m11)            ,
    142.625,    39.875,         1,                 57.4380874634, COPEPOD-2012  wetmass  (m11)            ,
    142.625,    40.125,         1,                 36.4753990173, COPEPOD-2012  wetmass  (m11)            ,
    142.625,    40.625,         2,                 13.8363790512, COPEPOD-2012  wetmass  (m11)            ,
    142.625,    40.875,         2,                 31.2388973236, COPEPOD-2012  wetmass  (m11)            ,
    142.625,    41.375,         2,                 12.1597232819, COPEPOD-2012  wetmass  (m11)            ,
    142.625,    41.875,         1,                 18.8668746948, COPEPOD-2012  wetmass  (m11)            ,
    142.875,    34.875,         3,                  9.0850296021, COPEPOD-2012  wetmass  (m11)            ,
    142.875,    35.625,         1,                 14.2560777664, COPEPOD-2012  wetmass  (m11)            ,
    142.875,    36.125,         2,                 19.7046012878, COPEPOD-2012  wetmass  (m11)            ,
    142.875,    36.375,         2,                 64.1517105103, COPEPOD-2012  wetmass  (m11)            ,
    142.875,    36.625,         1,                 25.1593818665, COPEPOD-2012  wetmass  (m11)            ,
    142.875,    36.875,         9,                 68.2996139526, COPEPOD-2012  wetmass  (m11)            ,
    142.875,    37.375,         7,                 57.2649269104, COPEPOD-2012  wetmass  (m11)            ,
    142.875,    37.625,         4,                120.2286682129, COPEPOD-2012  wetmass  (m11)            ,
    142.875,    37.875,        17,                 46.9644126892, COPEPOD-2012  wetmass  (m11)            ,
    142.875,    38.125,         2,                 36.4780197144, COPEPOD-2012  wetmass  (m11)            ,
    142.875,    38.375,        10,                 36.7459907532, COPEPOD-2012  wetmass  (m11)            ,
    142.875,    38.625,         3,                 21.3288097382, COPEPOD-2012  wetmass  (m11)            ,
    142.875,    38.875,         9,                 59.6773872375, COPEPOD-2012  wetmass  (m11)            ,
    142.875,    39.125,         1,                 68.7701492310, COPEPOD-2012  wetmass  (m11)            ,
    142.875,    39.375,         3,                 62.9590873718, COPEPOD-2012  wetmass  (m11)            ,
    142.875,    39.625,         1,                117.4086227417, COPEPOD-2012  wetmass  (m11)            ,
    142.875,    39.875,         6,                 43.6759796143, COPEPOD-2012  wetmass  (m11)            ,
    142.875,    40.125,         4,                 43.5039825439, COPEPOD-2012  wetmass  (m11)            ,
    142.875,    40.375,         1,                 59.1153182983, COPEPOD-2012  wetmass  (m11)            ,
    142.875,    40.625,         2,                 63.9478149414, COPEPOD-2012  wetmass  (m11)            ,
    142.875,    40.875,         5,                 43.9419021606, COPEPOD-2012  wetmass  (m11)            ,
    142.875,    41.375,         5,                 37.3179779053, COPEPOD-2012  wetmass  (m11)            ,
    142.875,    41.625,         1,                  8.8044052124, COPEPOD-2012  wetmass  (m11)            ,
    142.875,    41.875,         2,                 13.6274614334, COPEPOD-2012  wetmass  (m11)            ,
    143.125,    35.875,         3,                 46.5419006348, COPEPOD-2012  wetmass  (m11)            ,
    143.125,    36.875,         3,                 82.3230590820, COPEPOD-2012  wetmass  (m11)            ,
    143.125,    37.125,         1,                 49.4766120911, COPEPOD-2012  wetmass  (m11)            ,
    143.125,    37.625,         1,                 13.4183759689, COPEPOD-2012  wetmass  (m11)            ,
    143.125,    37.875,         4,                 47.6961593628, COPEPOD-2012  wetmass  (m11)            ,
    143.125,    38.125,        10,                 38.4647521973, COPEPOD-2012  wetmass  (m11)            ,
    143.125,    38.375,         6,                 31.9847793579, COPEPOD-2012  wetmass  (m11)            ,
    143.125,    38.625,         2,                 16.9167633057, COPEPOD-2012  wetmass  (m11)            ,
    143.125,    38.875,         4,                 78.6122360229, COPEPOD-2012  wetmass  (m11)            ,
    143.125,    39.125,        14,                 59.1141853333, COPEPOD-2012  wetmass  (m11)            ,
    143.125,    39.375,         5,                 67.5886001587, COPEPOD-2012  wetmass  (m11)            ,
    143.125,    39.625,        13,                 62.8197212219, COPEPOD-2012  wetmass  (m11)            ,
    143.125,    39.875,         2,                 38.1532058716, COPEPOD-2012  wetmass  (m11)            ,
    143.125,    40.625,         2,                 42.3467559814, COPEPOD-2012  wetmass  (m11)            ,
    143.125,    41.375,         2,                 18.4988136292, COPEPOD-2012  wetmass  (m11)            ,
    143.375,    34.875,         1,                  6.0799503326, COPEPOD-2012  wetmass  (m11)            ,
    143.375,    35.125,         1,                 13.8356647491, COPEPOD-2012  wetmass  (m11)            ,
    143.375,    35.875,         2,                 32.2848815918, COPEPOD-2012  wetmass  (m11)            ,
    143.375,    36.125,         1,                 15.0938482285, COPEPOD-2012  wetmass  (m11)            ,
    143.375,    36.375,         1,                 62.4740905762, COPEPOD-2012  wetmass  (m11)            ,
    143.375,    36.875,         3,                 61.9154968262, COPEPOD-2012  wetmass  (m11)            ,
    143.375,    37.125,         1,                 27.2521018982, COPEPOD-2012  wetmass  (m11)            ,
    143.375,    37.375,         2,                 13.6259078979, COPEPOD-2012  wetmass  (m11)            ,
    143.375,    37.875,         4,                 52.9330406189, COPEPOD-2012  wetmass  (m11)            ,
    143.375,    38.125,         1,                 18.0301799774, COPEPOD-2012  wetmass  (m11)            ,
    143.375,    38.375,         1,                114.8947296143, COPEPOD-2012  wetmass  (m11)            ,
    143.375,    38.875,         2,                 66.4517059326, COPEPOD-2012  wetmass  (m11)            ,
    143.375,    39.125,         1,                102.3057632446, COPEPOD-2012  wetmass  (m11)            ,
    143.375,    39.375,         2,                 48.5317001343, COPEPOD-2012  wetmass  (m11)            ,
    143.375,    39.875,         3,                 69.4608993530, COPEPOD-2012  wetmass  (m11)            ,
    143.375,    40.375,         1,                  3.3542854786, COPEPOD-2012  wetmass  (m11)            ,
    143.375,    40.625,         1,                109.8500061035, COPEPOD-2012  wetmass  (m11)            ,
    143.375,    40.875,         2,                 48.8422203064, COPEPOD-2012  wetmass  (m11)            ,
    143.375,    41.375,         1,                223.4601135254, COPEPOD-2012  wetmass  (m11)            ,
    143.375,    41.875,         3,                 54.5083122253, COPEPOD-2012  wetmass  (m11)            ,
    143.625,    31.875,         1,                 50.6990776062, COPEPOD-2012  wetmass  (m11)            ,
    143.625,    36.125,         2,                 34.5910797119, COPEPOD-2012  wetmass  (m11)            ,
    143.625,    36.625,         1,                  3.3542854786, COPEPOD-2012  wetmass  (m11)            ,
    143.625,    37.125,         1,                 23.0621623993, COPEPOD-2012  wetmass  (m11)            ,
    143.625,    37.375,         2,                 55.5556831360, COPEPOD-2012  wetmass  (m11)            ,
    143.625,    37.625,         1,                 37.7398338318, COPEPOD-2012  wetmass  (m11)            ,
    143.625,    38.375,         1,                 36.4753990173, COPEPOD-2012  wetmass  (m11)            ,
    143.625,    38.875,         1,                 33.9625282288, COPEPOD-2012  wetmass  (m11)            ,
    143.625,    39.125,         1,                 32.2849388123, COPEPOD-2012  wetmass  (m11)            ,
    143.625,    39.375,         1,                 36.6859664917, COPEPOD-2012  wetmass  (m11)            ,
    143.625,    39.625,         1,                140.4752960205, COPEPOD-2012  wetmass  (m11)            ,
    143.625,    40.125,         1,                  5.0315289497, COPEPOD-2012  wetmass  (m11)            ,
    143.625,    40.375,         1,                 12.9987010956, COPEPOD-2012  wetmass  (m11)            ,
    143.625,    41.875,         1,                 86.9961395264, COPEPOD-2012  wetmass  (m11)            ,
    143.875,    33.875,         3,                 33.1044120789, COPEPOD-2012  wetmass  (m11)            ,
    143.875,    34.375,         1,                 64.9830474854, COPEPOD-2012  wetmass  (m11)            ,
    143.875,    34.875,         2,                 16.9816532135, COPEPOD-2012  wetmass  (m11)            ,
    143.875,    35.125,         1,                  2.9349451065, COPEPOD-2012  wetmass  (m11)            ,
    143.875,    35.375,         1,                 41.9275932312, COPEPOD-2012  wetmass  (m11)            ,
    143.875,    35.625,         1,                 27.2521018982, COPEPOD-2012  wetmass  (m11)            ,
    143.875,    35.875,         5,                 33.1586227417, COPEPOD-2012  wetmass  (m11)            ,
    143.875,    36.125,         1,                 15.5131521225, COPEPOD-2012  wetmass  (m11)            ,
    143.875,    36.375,         1,                 48.2169799805, COPEPOD-2012  wetmass  (m11)            ,
    143.875,    36.875,         6,                 41.4097290039, COPEPOD-2012  wetmass  (m11)            ,
    143.875,    37.375,         5,                 54.5923767090, COPEPOD-2012  wetmass  (m11)            ,
    143.875,    37.625,         1,                 28.5101852417, COPEPOD-2012  wetmass  (m11)            ,
    143.875,    37.875,         5,                 41.0924835205, COPEPOD-2012  wetmass  (m11)            ,
    143.875,    38.125,         2,                 24.9457263947, COPEPOD-2012  wetmass  (m11)            ,
    143.875,    38.375,         1,                 18.8668746948, COPEPOD-2012  wetmass  (m11)            ,
    143.875,    38.625,         1,                 26.7485332489, COPEPOD-2012  wetmass  (m11)            ,
    143.875,    38.875,         9,                 64.8152465820, COPEPOD-2012  wetmass  (m11)            ,
    143.875,    39.375,         2,                 64.5332489014, COPEPOD-2012  wetmass  (m11)            ,
    143.875,    39.625,         1,                 17.1909523010, COPEPOD-2012  wetmass  (m11)            ,
    143.875,    40.375,         2,                 51.3615951538, COPEPOD-2012  wetmass  (m11)            ,
    143.875,    40.875,         1,                 39.4094161987, COPEPOD-2012  wetmass  (m11)            ,
    143.875,    41.125,         1,                 64.9830474854, COPEPOD-2012  wetmass  (m11)            ,
    143.875,    41.375,         1,                127.8792495728, COPEPOD-2012  wetmass  (m11)            ,
    143.875,    41.875,         1,                 49.0004386902, COPEPOD-2012  wetmass  (m11)            ,
    144.125,    34.875,         2,                 31.5010223389, COPEPOD-2012  wetmass  (m11)            ,
    144.125,    35.375,         1,                 60.7995033264, COPEPOD-2012  wetmass  (m11)            ,
    144.125,    35.625,         1,                112.3569793701, COPEPOD-2012  wetmass  (m11)            ,
    144.125,    35.875,         3,                 19.0776042938, COPEPOD-2012  wetmass  (m11)            ,
    144.125,    36.375,         2,                 67.2971496582, COPEPOD-2012  wetmass  (m11)            ,
    144.125,    36.625,         2,                 45.0749511719, COPEPOD-2012  wetmass  (m11)            ,
    144.125,    36.875,         6,                 34.2568855286, COPEPOD-2012  wetmass  (m11)            ,
    144.125,    37.125,         1,                 38.0014343262, COPEPOD-2012  wetmass  (m11)            ,
    144.125,    37.375,         2,                156.6039123535, COPEPOD-2012  wetmass  (m11)            ,
    144.125,    37.875,         3,                 46.8657188416, COPEPOD-2012  wetmass  (m11)            ,
    144.125,    38.875,         2,                 30.1890830994, COPEPOD-2012  wetmass  (m11)            ,
    144.125,    39.125,         1,                 85.9607009888, COPEPOD-2012  wetmass  (m11)            ,
    144.125,    39.875,         2,                 54.4161415100, COPEPOD-2012  wetmass  (m11)            ,
    144.125,    40.125,         2,                 47.9928894043, COPEPOD-2012  wetmass  (m11)            ,
    144.125,    40.375,         1,                 23.0621623993, COPEPOD-2012  wetmass  (m11)            ,
    144.125,    40.875,         2,                 48.0031204224, COPEPOD-2012  wetmass  (m11)            ,
    144.125,    41.375,         1,                  8.9991197586, COPEPOD-2012  wetmass  (m11)            ,
    144.125,    41.625,         1,                 44.0047912598, COPEPOD-2012  wetmass  (m11)            ,
    144.125,    41.875,         1,                 56.0015525818, COPEPOD-2012  wetmass  (m11)            ,
    144.125,    45.875,         5,                669.5081787109, COPEPOD-2012  wetmass  (m11)            ,
    144.375,    34.875,         1,                 20.5447101593, COPEPOD-2012  wetmass  (m11)            ,
    144.375,    35.125,         1,                 17.6116485596, COPEPOD-2012  wetmass  (m11)            ,
    144.375,    35.875,         2,                 63.9413757324, COPEPOD-2012  wetmass  (m11)            ,
    144.375,    36.875,         4,                 59.0105590820, COPEPOD-2012  wetmass  (m11)            ,
    144.375,    37.375,         1,                 73.3668670654, COPEPOD-2012  wetmass  (m11)            ,
    144.375,    37.625,         1,                 83.8493957520, COPEPOD-2012  wetmass  (m11)            ,
    144.375,    37.875,         1,                  4.1927599907, COPEPOD-2012  wetmass  (m11)            ,
    144.375,    39.125,         1,                 48.2169799805, COPEPOD-2012  wetmass  (m11)            ,
    144.375,    39.375,         1,                  9.6427297592, COPEPOD-2012  wetmass  (m11)            ,
    144.375,    39.875,         2,                 62.4760208130, COPEPOD-2012  wetmass  (m11)            ,
    144.375,    40.125,         1,                 24.7400150299, COPEPOD-2012  wetmass  (m11)            ,
    144.375,    40.375,         1,                 38.5744743347, COPEPOD-2012  wetmass  (m11)            ,
    144.375,    40.625,         1,                109.0184249878, COPEPOD-2012  wetmass  (m11)            ,
    144.375,    40.875,         1,                 72.1107559204, COPEPOD-2012  wetmass  (m11)            ,
    144.375,    41.375,         1,                 33.1207389832, COPEPOD-2012  wetmass  (m11)            ,
    144.375,    41.875,         1,                 23.4801025391, COPEPOD-2012  wetmass  (m11)            ,
    144.375,    42.625,         1,                 90.1571197510, COPEPOD-2012  wetmass  (m11)            ,
    144.625,    35.875,         1,                 11.7408628464, COPEPOD-2012  wetmass  (m11)            ,
    144.625,    36.125,         1,                 15.5131521225, COPEPOD-2012  wetmass  (m11)            ,
    144.625,    36.375,         2,                 95.1758117676, COPEPOD-2012  wetmass  (m11)            ,
    144.625,    36.875,         2,                 18.2404384613, COPEPOD-2012  wetmass  (m11)            ,
    144.625,    37.875,         2,                 89.9426040649, COPEPOD-2012  wetmass  (m11)            ,
    144.625,    38.375,         1,                 41.9275932312, COPEPOD-2012  wetmass  (m11)            ,
    144.625,    38.875,         1,                 46.5371665955, COPEPOD-2012  wetmass  (m11)            ,
    144.625,    39.125,         1,                 40.2531623840, COPEPOD-2012  wetmass  (m11)            ,
    144.625,    39.625,         1,                 25.1593818665, COPEPOD-2012  wetmass  (m11)            ,
    144.625,    40.375,         1,                 82.6038055420, COPEPOD-2012  wetmass  (m11)            ,
    144.875,    34.875,         2,                 33.3331489563, COPEPOD-2012  wetmass  (m11)            ,
    144.875,    35.625,         2,                 70.2261734009, COPEPOD-2012  wetmass  (m11)            ,
    144.875,    36.375,         1,                 40.2531623840, COPEPOD-2012  wetmass  (m11)            ,
    144.875,    36.625,         1,                 20.9652442932, COPEPOD-2012  wetmass  (m11)            ,
    144.875,    36.875,         4,                 38.8877563477, COPEPOD-2012  wetmass  (m11)            ,
    144.875,    37.375,         2,                 41.9271163940, COPEPOD-2012  wetmass  (m11)            ,
    144.875,    37.875,         4,                 50.7375297546, COPEPOD-2012  wetmass  (m11)            ,
    144.875,    38.125,         2,                 71.2747039795, COPEPOD-2012  wetmass  (m11)            ,
    144.875,    38.375,         1,                 43.1817283630, COPEPOD-2012  wetmass  (m11)            ,
    144.875,    38.875,         4,                 73.0662689209, COPEPOD-2012  wetmass  (m11)            ,
    144.875,    39.375,         1,                 24.7400150299, COPEPOD-2012  wetmass  (m11)            ,
    144.875,    39.875,         3,                 42.3504447937, COPEPOD-2012  wetmass  (m11)            ,
    144.875,    40.125,         1,                 31.8639755249, COPEPOD-2012  wetmass  (m11)            ,
    144.875,    40.625,         1,                 92.2359085083, COPEPOD-2012  wetmass  (m11)            ,
    144.875,    40.875,         2,                 36.0565605164, COPEPOD-2012  wetmass  (m11)            ,
    144.875,    41.125,         1,                 58.6948471069, COPEPOD-2012  wetmass  (m11)            ,
    144.875,    41.375,         1,                 60.0067405701, COPEPOD-2012  wetmass  (m11)            ,
    144.875,    41.625,         1,                 59.5387802124, COPEPOD-2012  wetmass  (m11)            ,
    144.875,    41.875,         1,                 77.1436233521, COPEPOD-2012  wetmass  (m11)            ,
    144.875,    42.375,         1,                 24.3164405823, COPEPOD-2012  wetmass  (m11)            ,
    144.875,    42.625,         1,                 37.7398338318, COPEPOD-2012  wetmass  (m11)            ,
    145.125,    34.875,         1,                 53.2475967407, COPEPOD-2012  wetmass  (m11)            ,
    145.125,    35.125,         1,                 25.1593818665, COPEPOD-2012  wetmass  (m11)            ,
    145.125,    35.875,         5,                 36.5630111694, COPEPOD-2012  wetmass  (m11)            ,
    145.125,    36.875,         3,                 51.9911613464, COPEPOD-2012  wetmass  (m11)            ,
    145.125,    37.625,         1,                 60.7995033264, COPEPOD-2012  wetmass  (m11)            ,
    145.125,    38.125,         1,                 52.4082984924, COPEPOD-2012  wetmass  (m11)            ,
    145.125,    38.875,         1,                 52.8323631287, COPEPOD-2012  wetmass  (m11)            ,
    145.125,    39.125,         1,                 41.0865821838, COPEPOD-2012  wetmass  (m11)            ,
    145.125,    41.375,         2,                 17.5977478027, COPEPOD-2012  wetmass  (m11)            ,
    145.375,    34.375,         1,                 64.9830474854, COPEPOD-2012  wetmass  (m11)            ,
    145.375,    34.875,         2,                 23.3739662170, COPEPOD-2012  wetmass  (m11)            ,
    145.375,    35.375,         1,                 79.6709442139, COPEPOD-2012  wetmass  (m11)            ,
    145.375,    35.875,         1,                 62.8926582336, COPEPOD-2012  wetmass  (m11)            ,
    145.375,    36.875,         3,                 34.3805847168, COPEPOD-2012  wetmass  (m11)            ,
    145.375,    37.125,         1,                124.9395523071, COPEPOD-2012  wetmass  (m11)            ,
    145.375,    37.375,         2,                 54.5040588379, COPEPOD-2012  wetmass  (m11)            ,
    145.375,    37.875,         2,                 33.9626197815, COPEPOD-2012  wetmass  (m11)            ,
    145.375,    38.875,         2,                 53.2488288879, COPEPOD-2012  wetmass  (m11)            ,
    145.375,    39.625,         1,                 12.1590604782, COPEPOD-2012  wetmass  (m11)            ,
    145.375,    40.375,         1,                 40.6724205017, COPEPOD-2012  wetmass  (m11)            ,
    145.625,    35.875,         2,                 12.9976682663, COPEPOD-2012  wetmass  (m11)            ,
    145.625,    36.625,         1,                 52.8323631287, COPEPOD-2012  wetmass  (m11)            ,
    145.625,    36.875,         1,                 13.8356647491, COPEPOD-2012  wetmass  (m11)            ,
    145.625,    37.375,         2,                 84.0732574463, COPEPOD-2012  wetmass  (m11)            ,
    145.625,    39.125,         1,                 18.0301799774, COPEPOD-2012  wetmass  (m11)            ,
    145.625,    39.375,         1,                 50.7341003418, COPEPOD-2012  wetmass  (m11)            ,
    145.625,    39.875,         1,                 32.7039375305, COPEPOD-2012  wetmass  (m11)            ,
    145.625,    40.125,         1,                 44.8642120361, COPEPOD-2012  wetmass  (m11)            ,
    145.625,    40.625,         1,                 51.9876213074, COPEPOD-2012  wetmass  (m11)            ,
    145.875,    34.875,         2,                 11.5303401947, COPEPOD-2012  wetmass  (m11)            ,
    145.875,    35.375,         1,                  2.5159382820, COPEPOD-2012  wetmass  (m11)            ,
    145.875,    35.625,         1,                 71.2853088379, COPEPOD-2012  wetmass  (m11)            ,
    145.875,    36.125,         1,                 18.8668746948, COPEPOD-2012  wetmass  (m11)            ,
    145.875,    36.625,         3,                 66.3833007812, COPEPOD-2012  wetmass  (m11)            ,
    145.875,    36.875,         1,                 73.3668670654, COPEPOD-2012  wetmass  (m11)            ,
    145.875,    37.375,         3,                 54.9290618896, COPEPOD-2012  wetmass  (m11)            ,
    145.875,    37.875,         1,                 20.9652442932, COPEPOD-2012  wetmass  (m11)            ,
    145.875,    38.125,         1,                 28.9334373474, COPEPOD-2012  wetmass  (m11)            ,
    145.875,    38.375,         1,                 58.6948471069, COPEPOD-2012  wetmass  (m11)            ,
    145.875,    38.875,         4,                 48.2151451111, COPEPOD-2012  wetmass  (m11)            ,
    145.875,    39.125,         2,                 51.3649864197, COPEPOD-2012  wetmass  (m11)            ,
    145.875,    39.625,         2,                 45.0757179260, COPEPOD-2012  wetmass  (m11)            ,
    145.875,    40.125,         1,                 40.2531623840, COPEPOD-2012  wetmass  (m11)            ,
    145.875,    40.375,         1,                 23.9001140594, COPEPOD-2012  wetmass  (m11)            ,
    145.875,    40.875,         1,                 17.6116485596, COPEPOD-2012  wetmass  (m11)            ,
    145.875,    42.375,         1,                 52.8323631287, COPEPOD-2012  wetmass  (m11)            ,
    146.125,    35.375,         1,                 16.7725830078, COPEPOD-2012  wetmass  (m11)            ,
    146.125,    35.875,         2,                 29.7710094452, COPEPOD-2012  wetmass  (m11)            ,
    146.125,    36.125,         1,                 69.5985183716, COPEPOD-2012  wetmass  (m11)            ,
    146.125,    36.375,         1,                 83.8493957520, COPEPOD-2012  wetmass  (m11)            ,
    146.125,    36.875,         3,                 12.2983551025, COPEPOD-2012  wetmass  (m11)            ,
    146.125,    37.375,         3,                 61.0717620850, COPEPOD-2012  wetmass  (m11)            ,
    146.125,    37.875,         2,                 87.0109100342, COPEPOD-2012  wetmass  (m11)            ,
    146.125,    38.125,         1,                 41.0865821838, COPEPOD-2012  wetmass  (m11)            ,
    146.125,    39.125,         1,                 14.6757392883, COPEPOD-2012  wetmass  (m11)            ,
    146.125,    39.875,         1,                 77.1436233521, COPEPOD-2012  wetmass  (m11)            ,
    146.125,    41.375,         1,                 19.0020313263, COPEPOD-2012  wetmass  (m11)            ,
    146.125,    41.625,         2,                 48.6147766113, COPEPOD-2012  wetmass  (m11)            ,
    146.375,    35.625,         2,                 58.0725479126, COPEPOD-2012  wetmass  (m11)            ,
    146.375,    36.875,         1,                 33.5428504944, COPEPOD-2012  wetmass  (m11)            ,
    146.375,    37.125,         1,                 61.6311187744, COPEPOD-2012  wetmass  (m11)            ,
    146.375,    37.375,         1,                 52.4082984924, COPEPOD-2012  wetmass  (m11)            ,
    146.375,    38.375,         1,                 44.0250663757, COPEPOD-2012  wetmass  (m11)            ,
    146.375,    38.875,         1,                115.2922210693, COPEPOD-2012  wetmass  (m11)            ,
    146.375,    39.875,         1,                 12.1590604782, COPEPOD-2012  wetmass  (m11)            ,
    146.625,    35.875,         1,                 49.4766120911, COPEPOD-2012  wetmass  (m11)            ,
    146.625,    36.375,         1,                 94.3408889771, COPEPOD-2012  wetmass  (m11)            ,
    146.625,    37.125,         1,                 13.8356647491, COPEPOD-2012  wetmass  (m11)            ,
    146.625,    37.625,         1,                 58.6948471069, COPEPOD-2012  wetmass  (m11)            ,
    146.625,    37.875,         1,                  9.2235908508, COPEPOD-2012  wetmass  (m11)            ,
    146.625,    38.375,         1,                 47.3805465698, COPEPOD-2012  wetmass  (m11)            ,
    146.625,    38.875,         1,                 56.5978584290, COPEPOD-2012  wetmass  (m11)            ,
    146.625,    39.625,         1,                 18.8668746948, COPEPOD-2012  wetmass  (m11)            ,
    146.875,    34.875,         1,                 27.2521018982, COPEPOD-2012  wetmass  (m11)            ,
    146.875,    36.125,         2,                 48.2134590149, COPEPOD-2012  wetmass  (m11)            ,
    146.875,    36.375,         2,                 33.5420188904, COPEPOD-2012  wetmass  (m11)            ,
    146.875,    36.875,         3,                 19.8458480835, COPEPOD-2012  wetmass  (m11)            ,
    146.875,    37.375,         2,                126.4184570312, COPEPOD-2012  wetmass  (m11)            ,
    146.875,    37.625,         1,                 81.7523117065, COPEPOD-2012  wetmass  (m11)            ,
    146.875,    37.875,         2,                 30.1916389465, COPEPOD-2012  wetmass  (m11)            ,
    146.875,    38.375,         1,                 77.5711212158, COPEPOD-2012  wetmass  (m11)            ,
    146.875,    38.875,         1,                 10.4833469391, COPEPOD-2012  wetmass  (m11)            ,
    146.875,    39.125,         1,                 30.1856117249, COPEPOD-2012  wetmass  (m11)            ,
    146.875,    39.875,         2,                 12.9977025986, COPEPOD-2012  wetmass  (m11)            ,
    146.875,    41.375,         1,                 47.0002250671, COPEPOD-2012  wetmass  (m11)            ,
    146.875,    41.625,         1,                 83.0041961670, COPEPOD-2012  wetmass  (m11)            ,
    147.125,   -18.875,         1,                 90.9913253784, COPEPOD-2012  wetmass  (m11)            ,
    147.125,    11.875,         1,                 42.9140930176, COPEPOD-2012  wetmass  (m11)            ,
    147.125,    35.375,         1,                 68.3439331055, COPEPOD-2012  wetmass  (m11)            ,
    147.125,    36.125,         1,                 62.8926582336, COPEPOD-2012  wetmass  (m11)            ,
    147.125,    37.125,         1,                 39.8290596008, COPEPOD-2012  wetmass  (m11)            ,
    147.125,    38.875,         1,                 69.1831054688, COPEPOD-2012  wetmass  (m11)            ,
    147.125,    39.125,         1,                 23.9001140594, COPEPOD-2012  wetmass  (m11)            ,
    147.125,    39.875,         1,                 28.0931243896, COPEPOD-2012  wetmass  (m11)            ,
    147.375,   -18.125,         1,                 54.0007667542, COPEPOD-2012  wetmass  (m11)            ,
    147.375,    36.875,         3,                 27.2527332306, COPEPOD-2012  wetmass  (m11)            ,
    147.375,    37.125,         1,                 31.4485015869, COPEPOD-2012  wetmass  (m11)            ,
    147.375,    37.375,         3,                 59.9536743164, COPEPOD-2012  wetmass  (m11)            ,
    147.375,    38.375,         1,                 31.4485015869, COPEPOD-2012  wetmass  (m11)            ,
    147.375,    38.875,         1,                146.7574005127, COPEPOD-2012  wetmass  (m11)            ,
    147.375,    43.625,         4,                275.9795227051, COPEPOD-2012  wetmass  (m11)            ,
    147.625,   -16.875,         1,                 41.0015258789, COPEPOD-2012  wetmass  (m11)            ,
    147.625,    35.625,         1,                 75.0585098267, COPEPOD-2012  wetmass  (m11)            ,
    147.625,    36.875,         1,                 64.9830474854, COPEPOD-2012  wetmass  (m11)            ,
    147.625,    37.375,         1,                 35.6369094849, COPEPOD-2012  wetmass  (m11)            ,
    147.625,    37.875,         1,                 48.2169799805, COPEPOD-2012  wetmass  (m11)            ,
    147.875,    35.875,         1,                 68.3439331055, COPEPOD-2012  wetmass  (m11)            ,
    147.875,    36.375,         1,                 25.1593818665, COPEPOD-2012  wetmass  (m11)            ,
    147.875,    36.875,         4,                 28.9317378998, COPEPOD-2012  wetmass  (m11)            ,
    147.875,    37.375,         1,                 62.8926582336, COPEPOD-2012  wetmass  (m11)            ,
    147.875,    37.875,         1,                 54.5129928589, COPEPOD-2012  wetmass  (m11)            ,
    147.875,    38.125,         1,                 52.4082984924, COPEPOD-2012  wetmass  (m11)            ,
    147.875,    38.875,         3,                 33.6828231812, COPEPOD-2012  wetmass  (m11)            ,
    147.875,    39.125,         1,                184.5015563965, COPEPOD-2012  wetmass  (m11)            ,
    147.875,    39.375,         1,                153.0382232666, COPEPOD-2012  wetmass  (m11)            ,
    147.875,    39.875,         2,                 12.3690509796, COPEPOD-2012  wetmass  (m11)            ,
    148.125,     2.875,         4,                 38.4631652832, COPEPOD-2012  wetmass  (m11)            ,
    148.125,    36.125,         1,                 69.1831054688, COPEPOD-2012  wetmass  (m11)            ,
    148.125,    36.625,         1,                 71.6968383789, COPEPOD-2012  wetmass  (m11)            ,
    148.125,    37.375,         1,                 15.3038263321, COPEPOD-2012  wetmass  (m11)            ,
    148.125,    38.125,         2,                 42.3526763916, COPEPOD-2012  wetmass  (m11)            ,
    148.125,    38.875,         1,                 85.9607009888, COPEPOD-2012  wetmass  (m11)            ,
    148.125,    42.125,         4,                537.7624511719, COPEPOD-2012  wetmass  (m11)            ,
    148.125,    42.375,         4,                248.0382690430, COPEPOD-2012  wetmass  (m11)            ,
    148.375,    35.625,         1,                 42.3447875977, COPEPOD-2012  wetmass  (m11)            ,
    148.375,    36.125,         1,                 23.9001140594, COPEPOD-2012  wetmass  (m11)            ,
    148.375,    37.375,         1,                 39.8290596008, COPEPOD-2012  wetmass  (m11)            ,
    148.625,    36.875,         1,                157.2172088623, COPEPOD-2012  wetmass  (m11)            ,
    148.625,    37.875,         1,                 73.3668670654, COPEPOD-2012  wetmass  (m11)            ,
    148.625,    38.375,         1,                 81.7523117065, COPEPOD-2012  wetmass  (m11)            ,
    148.875,    -0.125,         1,                 15.9992647171, COPEPOD-2012  wetmass  (m11)            ,
    148.875,    12.125,         1,                 12.0837030411, COPEPOD-2012  wetmass  (m11)            ,
    148.875,    19.875,         2,                 22.5190277100, COPEPOD-2012  wetmass  (m11)            ,
    148.875,    21.875,         2,                 26.3758926392, COPEPOD-2012  wetmass  (m11)            ,
    148.875,    23.875,         2,                 29.9959392548, COPEPOD-2012  wetmass  (m11)            ,
    148.875,    29.875,         1,                 50.4777488708, COPEPOD-2012  wetmass  (m11)            ,
    148.875,    30.875,         1,                 60.7155647278, COPEPOD-2012  wetmass  (m11)            ,
    148.875,    36.375,         1,                 64.9830474854, COPEPOD-2012  wetmass  (m11)            ,
    148.875,    36.875,         2,                 29.7687797546, COPEPOD-2012  wetmass  (m11)            ,
    148.875,    37.375,         1,                 25.1593818665, COPEPOD-2012  wetmass  (m11)            ,
    148.875,    37.875,         1,                  8.8044052124, COPEPOD-2012  wetmass  (m11)            ,
    148.875,    38.625,         1,                 12.5776634216, COPEPOD-2012  wetmass  (m11)            ,
    148.875,    38.875,         4,                 70.5390472412, COPEPOD-2012  wetmass  (m11)            ,
    148.875,    39.375,         1,                 10.4833469391, COPEPOD-2012  wetmass  (m11)            ,
    148.875,    39.875,         1,                 18.8668746948, COPEPOD-2012  wetmass  (m11)            ,
    149.125,    -0.125,         1,                 19.9986190796, COPEPOD-2012  wetmass  (m11)            ,
    149.125,    28.125,         1,                 75.9976196289, COPEPOD-2012  wetmass  (m11)            ,
    149.125,    39.125,         1,                 16.7725830078, COPEPOD-2012  wetmass  (m11)            ,
    149.375,    22.875,         8,                125.1968841553, COPEPOD-2012  wetmass  (m11)            ,
    149.625,    29.875,         4,                 71.8995666504, COPEPOD-2012  wetmass  (m11)            ,
    149.625,    36.375,         1,                 44.0250663757, COPEPOD-2012  wetmass  (m11)            ,
    149.625,    38.875,         1,                106.9300918579, COPEPOD-2012  wetmass  (m11)            ,
    149.625,    39.625,         1,                 25.1593818665, COPEPOD-2012  wetmass  (m11)            ,
    149.875,    36.875,         3,                 61.7770690918, COPEPOD-2012  wetmass  (m11)            ,
    149.875,    37.625,         1,                 46.1211395264, COPEPOD-2012  wetmass  (m11)            ,
    149.875,    38.875,         2,                 49.0586700439, COPEPOD-2012  wetmass  (m11)            ,
    149.875,    39.875,         1,                 39.8290596008, COPEPOD-2012  wetmass  (m11)            ,
    150.125,    38.375,         1,                 33.5428504944, COPEPOD-2012  wetmass  (m11)            ,
    150.125,    40.125,         1,                 36.8977622986, COPEPOD-2012  wetmass  (m11)            ,
    150.375,   -18.625,         1,                 16.9980831146, COPEPOD-2012  wetmass  (m11)            ,
    150.375,    36.375,         1,                 54.5129928589, COPEPOD-2012  wetmass  (m11)            ,
    150.375,    37.625,         1,                 18.0301799774, COPEPOD-2012  wetmass  (m11)            ,
    150.375,    38.875,         1,                 96.4272994995, COPEPOD-2012  wetmass  (m11)            ,
    150.625,    12.125,         1,                 24.1657371521, COPEPOD-2012  wetmass  (m11)            ,
    150.625,    37.125,         1,                 44.0250663757, COPEPOD-2012  wetmass  (m11)            ,
    150.875,    -0.125,         1,                 16.9980831146, COPEPOD-2012  wetmass  (m11)            ,
    150.875,    35.625,         1,                 39.8290596008, COPEPOD-2012  wetmass  (m11)            ,
    150.875,    37.875,         1,                 25.1593818665, COPEPOD-2012  wetmass  (m11)            ,
    150.875,    38.125,         1,                 29.7714462280, COPEPOD-2012  wetmass  (m11)            ,
    150.875,    38.875,         1,                 42.7661399841, COPEPOD-2012  wetmass  (m11)            ,
    150.875,    39.125,         1,                 78.4151535034, COPEPOD-2012  wetmass  (m11)            ,
    150.875,    39.875,         1,                 28.9334373474, COPEPOD-2012  wetmass  (m11)            ,
    150.875,    40.125,         1,                 20.9652442932, COPEPOD-2012  wetmass  (m11)            ,
    151.125,   -18.625,         1,                 20.9990634918, COPEPOD-2012  wetmass  (m11)            ,
    151.125,     0.125,         1,                 24.9976959229, COPEPOD-2012  wetmass  (m11)            ,
    151.125,    35.125,         1,                 10.4833469391, COPEPOD-2012  wetmass  (m11)            ,
    151.125,    36.875,         2,                 38.5739097595, COPEPOD-2012  wetmass  (m11)            ,
    151.125,    39.875,         1,                 75.4744567871, COPEPOD-2012  wetmass  (m11)            ,
    151.375,   -16.375,         1,                 44.0047912598, COPEPOD-2012  wetmass  (m11)            ,
    151.375,    36.875,         1,                 81.7523117065, COPEPOD-2012  wetmass  (m11)            ,
    151.625,    35.875,         1,                 64.9830474854, COPEPOD-2012  wetmass  (m11)            ,
    151.875,   -18.625,         1,                 19.9986190796, COPEPOD-2012  wetmass  (m11)            ,
    151.875,    36.375,         1,                 55.7699165344, COPEPOD-2012  wetmass  (m11)            ,
    151.875,    37.125,         1,                 30.6055393219, COPEPOD-2012  wetmass  (m11)            ,
    151.875,    37.875,         1,                 41.9275932312, COPEPOD-2012  wetmass  (m11)            ,
    151.875,    38.125,         1,                 17.6116485596, COPEPOD-2012  wetmass  (m11)            ,
    151.875,    38.875,         2,                 85.9521560669, COPEPOD-2012  wetmass  (m11)            ,
    151.875,    39.875,         1,                 17.6116485596, COPEPOD-2012  wetmass  (m11)            ,
    151.875,    40.125,         1,                  6.2892665863, COPEPOD-2012  wetmass  (m11)            ,
    152.125,    40.125,         1,                 10.4833469391, COPEPOD-2012  wetmass  (m11)            ,
    152.375,    39.375,         1,                  5.4512991905, COPEPOD-2012  wetmass  (m11)            ,
    152.875,    -0.125,         1,                  7.0000314713, COPEPOD-2012  wetmass  (m11)            ,
    152.875,    36.875,         1,                 59.1153182983, COPEPOD-2012  wetmass  (m11)            ,
    152.875,    37.875,         2,                 30.8168315887, COPEPOD-2012  wetmass  (m11)            ,
    152.875,    38.875,         2,                 40.8808212280, COPEPOD-2012  wetmass  (m11)            ,
    152.875,    40.125,         1,                 16.7725830078, COPEPOD-2012  wetmass  (m11)            ,
    153.125,     0.125,         1,                 28.0027027130, COPEPOD-2012  wetmass  (m11)            ,
    153.875,    37.875,         1,                 16.7725830078, COPEPOD-2012  wetmass  (m11)            ,
    153.875,    38.875,         1,                 27.2521018982, COPEPOD-2012  wetmass  (m11)            ,
    154.125,    39.875,         1,                 37.7398338318, COPEPOD-2012  wetmass  (m11)            ,
    154.125,    40.125,         1,                 18.4501552582, COPEPOD-2012  wetmass  (m11)            ,
    154.375,    23.875,         1,                 63.9292984009, COPEPOD-2012  wetmass  (m11)            ,
    154.875,    -0.125,         1,                  7.0000314713, COPEPOD-2012  wetmass  (m11)            ,
    154.875,    40.125,         1,                 41.9275932312, COPEPOD-2012  wetmass  (m11)            ,
    155.125,     0.125,         1,                 15.9992647171, COPEPOD-2012  wetmass  (m11)            ,
    156.125,    39.875,         1,                 25.1593818665, COPEPOD-2012  wetmass  (m11)            ,
    156.875,    -0.125,         1,                 13.9990978241, COPEPOD-2012  wetmass  (m11)            ,
    156.875,     0.125,         1,                  7.0000314713, COPEPOD-2012  wetmass  (m11)            ,
    157.125,    39.875,         1,                 50.3152885437, COPEPOD-2012  wetmass  (m11)            ,
    158.625,    20.125,         1,                 38.9134788513, COPEPOD-2012  wetmass  (m11)            ,
    158.875,    -0.125,         1,                  5.0003452301, COPEPOD-2012  wetmass  (m11)            ,
    159.125,    -0.125,         1,                 28.0027027130, COPEPOD-2012  wetmass  (m11)            ,
    159.125,    39.875,         1,                 20.9652442932, COPEPOD-2012  wetmass  (m11)            ,
    159.875,    37.875,         1,                 16.7725830078, COPEPOD-2012  wetmass  (m11)            ,
    159.875,    38.875,         1,                  2.0965247154, COPEPOD-2012  wetmass  (m11)            ,
    160.125,    39.875,         1,                 50.3152885437, COPEPOD-2012  wetmass  (m11)            ,
    160.125,    40.875,         1,                  8.3849411011, COPEPOD-2012  wetmass  (m11)            ,
    160.875,    -0.125,         1,                 12.0005187988, COPEPOD-2012  wetmass  (m11)            ,
    160.875,     0.125,         1,                 15.0003023148, COPEPOD-2012  wetmass  (m11)            ,
    160.875,    38.875,         1,                 25.1593818665, COPEPOD-2012  wetmass  (m11)            ,
    160.875,    39.625,         1,                 74.2164154053, COPEPOD-2012  wetmass  (m11)            ,
    161.125,    37.875,         1,                 20.9652442932, COPEPOD-2012  wetmass  (m11)            ,
    162.125,    42.125,         1,                  4.1927599907, COPEPOD-2012  wetmass  (m11)            ,
    162.875,    -0.125,         1,                  4.0003685951, COPEPOD-2012  wetmass  (m11)            ,
    162.875,    37.875,         1,                 69.1831054688, COPEPOD-2012  wetmass  (m11)            ,
    162.875,    39.875,         1,                 29.3494510651, COPEPOD-2012  wetmass  (m11)            ,
    163.125,    -0.125,         1,                 27.0022487640, COPEPOD-2012  wetmass  (m11)            ,
    163.125,    39.125,         1,                 48.2169799805, COPEPOD-2012  wetmass  (m11)            ,
    163.125,    40.875,         1,                 14.6757392883, COPEPOD-2012  wetmass  (m11)            ,
    163.875,    38.125,         1,                  9.6427297592, COPEPOD-2012  wetmass  (m11)            ,
    163.875,    39.125,         1,                 31.4485015869, COPEPOD-2012  wetmass  (m11)            ,
    163.875,    41.125,         1,                 16.7725830078, COPEPOD-2012  wetmass  (m11)            ,
    164.125,    39.875,         1,                 46.1211395264, COPEPOD-2012  wetmass  (m11)            ,
    164.875,     0.125,         2,                 22.4992218018, COPEPOD-2012  wetmass  (m11)            ,
    164.875,    40.125,         1,                 35.6369094849, COPEPOD-2012  wetmass  (m11)            ,
    165.125,    37.875,         1,                 35.6369094849, COPEPOD-2012  wetmass  (m11)            ,
    167.125,    -0.125,         1,                 50.0034523010, COPEPOD-2012  wetmass  (m11)            ,
    168.875,    -0.125,         1,                 32.9989395142, COPEPOD-2012  wetmass  (m11)            ,
    170.875,    -0.125,         1,                 38.0014343262, COPEPOD-2012  wetmass  (m11)            ,
    172.875,     0.375,         1,                 40.0036849976, COPEPOD-2012  wetmass  (m11)            ,
    176.125,     0.125,         1,                 20.9990634918, COPEPOD-2012  wetmass  (m11)            ,
    179.125,    16.875,         2,                 15.6561050415, COPEPOD-2012  wetmass  (m11)            ,
    179.875,   -11.375,         1,                 15.0072126389, COPEPOD-2012  wetmass  (m11)            ,
    179.875,    14.375,         1,                 23.8946094513, COPEPOD-2012  wetmass  (m11)            ,
   -179.875,    -9.875,         2,                 22.8875846863, COPEPOD-2012  wetmass  (m11)            ,
   -179.875,    -7.125,         1,                 37.3078308105, COPEPOD-2012  wetmass  (m11)            ,
   -179.875,    -5.875,         1,                 16.3042163849, COPEPOD-2012  wetmass  (m11)            ,
   -179.875,    -4.125,         2,                 42.0436134338, COPEPOD-2012  wetmass  (m11)            ,
   -179.875,    -0.875,         2,                236.5125427246, COPEPOD-2012  wetmass  (m11)            ,
   -179.875,     1.875,         2,                 95.8606414795, COPEPOD-2012  wetmass  (m11)            ,
   -179.875,     5.125,         1,                 28.9201145172, COPEPOD-2012  wetmass  (m11)            ,
   -179.875,     8.125,         1,                  8.5094203949, COPEPOD-2012  wetmass  (m11)            ,
   -179.875,     8.375,         1,                  8.5094203949, COPEPOD-2012  wetmass  (m11)            ,
   -179.875,    11.125,         2,                 16.0338630676, COPEPOD-2012  wetmass  (m11)            ,
   -179.875,    14.125,         1,                 19.7015323639, COPEPOD-2012  wetmass  (m11)            ,
   -179.875,    19.875,         2,                  9.0125532150, COPEPOD-2012  wetmass  (m11)            ,
   -174.375,    27.625,         1,                 78.9950790405, COPEPOD-2012  wetmass  (m11)            ,
   -174.375,    29.375,         1,                 40.0036849976, COPEPOD-2012  wetmass  (m11)            ,
   -174.125,     8.625,         1,                 25.2988052368, COPEPOD-2012  wetmass  (m11)            ,
   -174.125,     9.875,         2,                 31.0008544922, COPEPOD-2012  wetmass  (m11)            ,
   -174.125,    32.875,         1,                 37.1963233948, COPEPOD-2012  wetmass  (m11)            ,
   -173.875,    15.875,         1,                 20.2022628784, COPEPOD-2012  wetmass  (m11)            ,
   -173.625,     5.875,         1,                 42.5010795593, COPEPOD-2012  wetmass  (m11)            ,
   -173.625,    12.625,         1,                 27.0022487640, COPEPOD-2012  wetmass  (m11)            ,
   -173.625,    22.125,         1,                 31.6009368896, COPEPOD-2012  wetmass  (m11)            ,
   -173.625,    24.125,         1,                 47.0002250671, COPEPOD-2012  wetmass  (m11)            ,
   -173.375,   -12.875,         1,                 13.7911357880, COPEPOD-2012  wetmass  (m11)            ,
   -173.125,     3.125,         1,                 21.3993206024, COPEPOD-2012  wetmass  (m11)            ,
   -172.875,     1.125,         1,                 32.0996284485, COPEPOD-2012  wetmass  (m11)            ,
   -172.875,     1.875,         1,                 38.7971611023, COPEPOD-2012  wetmass  (m11)            ,
   -160.125,    47.375,         3,                 56.6752052307, COPEPOD-2012  wetmass  (m11)            ,
   -159.875,    58.375,         4,                291.1763305664, COPEPOD-2012  wetmass  (m11)            ,
   -159.375,    54.375,         1,                299.9852600098, COPEPOD-2012  wetmass  (m11)            ,
   -157.125,    54.375,         1,                190.9852752686, COPEPOD-2012  wetmass  (m11)            ,
   -155.625,    54.375,         1,                172.9815979004, COPEPOD-2012  wetmass  (m11)            ,
   -154.375,    54.375,         2,                759.4949951172, COPEPOD-2012  wetmass  (m11)            ,
   -149.125,    54.375,         1,                261.9991760254, COPEPOD-2012  wetmass  (m11)            ,
   -147.625,    54.375,         2,                166.7491455078, COPEPOD-2012  wetmass  (m11)            ,
   -145.375,    55.875,         2,                597.5538940430, COPEPOD-2012  wetmass  (m11)            ,
   -144.125,    44.875,         5,                139.1783752441, COPEPOD-2012  wetmass  (m11)            ,
   -144.125,    46.875,         4,                349.7598571777, COPEPOD-2012  wetmass  (m11)            ,
   -144.125,    48.375,         5,                615.1964111328, COPEPOD-2012  wetmass  (m11)            ,
   -140.125,    44.875,         1,                 44.0047912598, COPEPOD-2012  wetmass  (m11)            ,
   -139.625,    49.625,         4,                256.0209350586, COPEPOD-2012  wetmass  (m11)            ,
   -133.875,    49.625,         3,                860.6863403320, COPEPOD-2012  wetmass  (m11)            ,
   -133.875,    54.375,         1,                870.9636840820, COPEPOD-2012  wetmass  (m11)            ,
   -131.375,    49.625,         4,                684.7273559570, COPEPOD-2012  wetmass  (m11)            ,
   -128.875,    49.375,         6,                364.6871337891, COPEPOD-2012  wetmass  (m11)            ,
    -86.125,    21.625,         3,                 70.0003204346, COPEPOD-2012  wetmass  (m11)            ,
    -85.875,    21.625,        15,                 98.8692092896, COPEPOD-2012  wetmass  (m11)            ,
    -85.625,    21.875,        15,                122.3913421631, COPEPOD-2012  wetmass  (m11)            ,
    -84.875,    21.875,         9,                 94.5021591187, COPEPOD-2012  wetmass  (m11)            ,
    -84.625,    21.875,        21,                126.0990142822, COPEPOD-2012  wetmass  (m11)            ,
    -84.375,    21.875,        15,                176.0974426270, COPEPOD-2012  wetmass  (m11)            ,
    -84.125,    21.875,        15,                 98.0005035400, COPEPOD-2012  wetmass  (m11)            ,
    -79.875,    16.875,         9,                228.6691894531, COPEPOD-2012  wetmass  (m11)            ,
    -79.625,    24.375,         3,                105.0025711060, COPEPOD-2012  wetmass  (m11)            ,
    -79.375,    24.625,         3,                129.9870147705, COPEPOD-2012  wetmass  (m11)            ,
    -78.875,    16.625,        12,                152.4897003174, COPEPOD-2012  wetmass  (m11)            ,
    -78.625,    17.375,        12,                102.6240158081, COPEPOD-2012  wetmass  (m11)            ,
    -78.375,    17.125,         9,                250.8460845947, COPEPOD-2012  wetmass  (m11)            ,
    -77.375,    17.875,         3,                 70.0003204346, COPEPOD-2012  wetmass  (m11)            ,
    -74.875,    18.125,        18,                357.9087524414, COPEPOD-2012  wetmass  (m11)            ,
    -74.375,    18.125,         6,                158.9927978516, COPEPOD-2012  wetmass  (m11)            ,
    -74.125,    17.875,        15,                167.9718933105, COPEPOD-2012  wetmass  (m11)            ,
    -73.875,    20.125,         1,                 20.9990634918, COPEPOD-2012  wetmass  (m11)            ,
    -73.625,    20.125,         2,                 32.0008392334, COPEPOD-2012  wetmass  (m11)            ,
    -73.375,    18.375,        18,                196.9136047363, COPEPOD-2012  wetmass  (m11)            ,
    -73.375,    20.125,         1,                 57.0033035278, COPEPOD-2012  wetmass  (m11)            ,
    -73.125,    20.125,         1,                 24.9976959229, COPEPOD-2012  wetmass  (m11)            ,
    -71.125,    17.875,         3,                199.9862518311, COPEPOD-2012  wetmass  (m11)            ,
    -70.875,    16.125,         1,                 67.0038833618, COPEPOD-2012  wetmass  (m11)            ,
    -70.125,    14.375,         1,                 64.0029525757, COPEPOD-2012  wetmass  (m11)            ,
    -69.625,    12.875,         1,                 78.0009689331, COPEPOD-2012  wetmass  (m11)            ,
    -68.625,    11.625,         1,                 44.9987068176, COPEPOD-2012  wetmass  (m11)            ,
    -68.625,    13.125,         1,                 67.9986038208, COPEPOD-2012  wetmass  (m11)            ,
    -68.375,    11.875,         1,                 57.0033035278, COPEPOD-2012  wetmass  (m11)            ,
    -68.375,    17.875,         1,                 46.0044631958, COPEPOD-2012  wetmass  (m11)            ,
    -67.875,    18.375,         1,                 64.0029525757, COPEPOD-2012  wetmass  (m11)            ,
    -65.875,    11.125,         1,                 78.9950790405, COPEPOD-2012  wetmass  (m11)            ,
    -65.625,    10.625,         1,                 81.0027847290, COPEPOD-2012  wetmass  (m11)            ,
    -60.875,    15.375,         1,                 71.9946212769, COPEPOD-2012  wetmass  (m11)            ,
    -29.125,    14.875,         1,                 64.9979934692, COPEPOD-2012  wetmass  (m11)            ,
    -28.625,    29.875,         1,                  4.0003685951, COPEPOD-2012  wetmass  (m11)            ,
    -28.375,    29.875,         3,                  4.5667619705, COPEPOD-2012  wetmass  (m11)            ,
    -28.375,    30.125,         2,                  3.6501312256, COPEPOD-2012  wetmass  (m11)            ,
    -27.625,    29.125,         1,                  5.0003452301, COPEPOD-2012  wetmass  (m11)            ,
    -26.125,   -40.125,         1,                 70.0003204346, COPEPOD-2012  wetmass  (m11)            ,
    -26.125,   -37.125,         1,                 70.0003204346, COPEPOD-2012  wetmass  (m11)            ,
    -25.125,    26.875,         1,                  1.9998618364, COPEPOD-2012  wetmass  (m11)            ,
    -24.375,    26.125,         1,                  1.9998618364, COPEPOD-2012  wetmass  (m11)            ,
    -23.875,    34.125,         1,                  5.0003452301, COPEPOD-2012  wetmass  (m11)            ,
    -22.625,    35.125,         1,                  4.4998698235, COPEPOD-2012  wetmass  (m11)            ,
    -22.125,    24.125,         1,                 19.9986190796, COPEPOD-2012  wetmass  (m11)            ,
    -21.375,    23.625,         1,                  2.9998533726, COPEPOD-2012  wetmass  (m11)            ,
    -20.125,    11.625,         1,                 47.0002250671, COPEPOD-2012  wetmass  (m11)            ,
    -19.625,    21.375,         1,                 31.9963188171, COPEPOD-2012  wetmass  (m11)            ,
    -19.125,    10.375,         1,                 43.0031204224, COPEPOD-2012  wetmass  (m11)            ,
    -18.875,    11.125,         1,                400.0367431641, COPEPOD-2012  wetmass  (m11)            ,
    -18.375,    84.625,         2,                 28.2948474884, COPEPOD-2012  wetmass  (m11)            ,
    -18.125,     0.375,         2,                193.0200653076, COPEPOD-2012  wetmass  (m11)            ,
    -18.125,     1.625,         1,                 83.0041961670, COPEPOD-2012  wetmass  (m11)            ,
    -18.125,     4.125,         1,                 51.0035018921, COPEPOD-2012  wetmass  (m11)            ,
    -18.125,     5.125,         1,                 59.0065193176, COPEPOD-2012  wetmass  (m11)            ,
    -18.125,     6.125,         1,                 44.0047912598, COPEPOD-2012  wetmass  (m11)            ,
    -18.125,     9.125,         1,                 50.0034523010, COPEPOD-2012  wetmass  (m11)            ,
    -18.125,     9.875,         1,                 67.9986038208, COPEPOD-2012  wetmass  (m11)            ,
    -18.125,    10.125,         1,                 71.0068130493, COPEPOD-2012  wetmass  (m11)            ,
    -18.125,    21.375,         1,                 75.0066909790, COPEPOD-2012  wetmass  (m11)            ,
    -17.875,    -2.125,         1,                 78.0009689331, COPEPOD-2012  wetmass  (m11)            ,
    -17.875,     3.375,         1,                 53.0029487610, COPEPOD-2012  wetmass  (m11)            ,
    -17.875,     6.125,         2,                 60.4958000183, COPEPOD-2012  wetmass  (m11)            ,
    -17.625,    21.375,         1,                 68.9921951294, COPEPOD-2012  wetmass  (m11)            ,
    -17.375,    21.125,         1,                 78.0009689331, COPEPOD-2012  wetmass  (m11)            ,
    -14.625,    84.375,         2,                 14.1464328766, COPEPOD-2012  wetmass  (m11)            ,
    -11.125,    84.625,         2,                 18.8612861633, COPEPOD-2012  wetmass  (m11)            ,
     -9.625,    84.375,         2,                 42.4408569336, COPEPOD-2012  wetmass  (m11)            ,
     -9.375,   -10.625,         1,                158.4893341064, COPEPOD-2012  wetmass  (m11)            ,
     -9.125,   -13.125,         1,                109.7994232178, COPEPOD-2012  wetmass  (m11)            ,
     -9.125,   -11.625,         1,                125.4007034302, COPEPOD-2012  wetmass  (m11)            ,
     -9.125,   -10.875,         1,                147.7066192627, COPEPOD-2012  wetmass  (m11)            ,
     -9.125,   -10.625,         1,                128.2921447754, COPEPOD-2012  wetmass  (m11)            ,
     -9.125,   -10.125,         1,                116.7078475952, COPEPOD-2012  wetmass  (m11)            ,
     -9.125,    -9.125,         1,                 71.4002990723, COPEPOD-2012  wetmass  (m11)            ,
     -9.125,    -8.125,         1,                137.5941925049, COPEPOD-2012  wetmass  (m11)            ,
     -8.875,   -12.375,         1,                147.2990722656, COPEPOD-2012  wetmass  (m11)            ,
     -8.875,   -12.125,         1,                108.2929077148, COPEPOD-2012  wetmass  (m11)            ,
     -8.875,   -10.625,         1,                191.3814849854, COPEPOD-2012  wetmass  (m11)            ,
     -8.625,    -7.125,         1,                132.4951629639, COPEPOD-2012  wetmass  (m11)            ,
     -8.375,   -10.375,         1,                169.3947601318, COPEPOD-2012  wetmass  (m11)            ,
     -8.375,    -6.625,         1,                101.9060440063, COPEPOD-2012  wetmass  (m11)            ,
     -8.125,    -6.125,         1,                104.9059448242, COPEPOD-2012  wetmass  (m11)            ,
     -7.125,   -10.625,         1,                120.3926620483, COPEPOD-2012  wetmass  (m11)            ,
     -4.625,    35.375,         1,                287.0119934082, COPEPOD-2012  wetmass  (m11)            ,
     -4.625,    35.875,         1,                126.9989318848, COPEPOD-2012  wetmass  (m11)            ,
     -4.625,    36.125,         2,                 97.5058593750, COPEPOD-2012  wetmass  (m11)            ,
     -2.875,    35.625,         1,                153.0030212402, COPEPOD-2012  wetmass  (m11)            ,
     -2.875,    35.875,         1,                523.9622802734, COPEPOD-2012  wetmass  (m11)            ,
     -2.875,    36.125,         1,                110.0018386841, COPEPOD-2012  wetmass  (m11)            ,
     -2.875,    36.625,         1,                 89.9911956787, COPEPOD-2012  wetmass  (m11)            ,
     -2.125,    -6.125,         1,                 69.2947006226, COPEPOD-2012  wetmass  (m11)            ,
     -2.125,    -5.375,         1,                110.9941253662, COPEPOD-2012  wetmass  (m11)            ,
     -1.125,    -6.125,         1,                108.2929077148, COPEPOD-2012  wetmass  (m11)            ,
     -1.125,    -5.625,         1,                113.9987335205, COPEPOD-2012  wetmass  (m11)            ,
     -1.125,    -3.125,         1,                102.8963394165, COPEPOD-2012  wetmass  (m11)            ,
